<?xml version="1.0" encoding="UTF-8"?>
<!DOCTYPE topology SYSTEM "hwloc2.dtd">
<topology version="2.0">
  <object type="Machine" os_index="0" cpuset="0xffffffff" complete_cpuset="0xffffffff" allowed_cpuset="0xffffffff" nodeset="0x00000003" complete_nodeset="0x00000003" allowed_nodeset="0x00000003" gp_index="1">
    <info name="DMIProductName" value="System Product Name"/>
    <info name="DMIProductVersion" value="System Version"/>
    <info name="DMIBoardVendor" value="ASUSTeK COMPUTER INC."/>
    <info name="DMIBoardName" value="PRIME X399-A"/>
    <info name="DMIBoardVersion" value="Rev 1.xx"/>
    <info name="DMIBoardAssetTag" value="Default string"/>
    <info name="DMIChassisVendor" value="Default string"/>
    <info name="DMIChassisType" value="3"/>
    <info name="DMIChassisVersion" value="Default string"/>
    <info name="DMIChassisAssetTag" value="Default string"/>
    <info name="DMIBIOSVendor" value="American Megatrends Inc."/>
    <info name="DMIBIOSVersion" value="1002"/>
    <info name="DMIBIOSDate" value="02/15/2019"/>
    <info name="DMISysVendor" value="System manufacturer"/>
    <info name="Backend" value="Linux"/>
    <info name="LinuxCgroup" value="/"/>
    <info name="OSName" value="Linux"/>
    <info name="OSRelease" value="4.15.0-55-generic"/>
    <info name="OSVersion" value="#60-Ubuntu SMP Tue Jul 2 18:22:20 UTC 2019"/>
    <info name="HostName" value="host"/>
    <info name="Architecture" value="x86_64"/>
    <info name="hwlocVersion" value="2.0.4"/>
    <info name="ProcessName" value="testformycode"/>
    <object type="Package" os_index="0" cpuset="0xffffffff" complete_cpuset="0xffffffff" nodeset="0x00000003" complete_nodeset="0x00000003" gp_index="2">
      <info name="CPUVendor" value="AuthenticAMD"/>
      <info name="CPUFamilyNumber" value="23"/>
      <info name="CPUModelNumber" value="8"/>
      <info name="CPUModel" value="AMD Ryzen Threadripper 2950X 16-Core Processor "/>
      <info name="CPUStepping" value="2"/>
      <object type="Group" cpuset="0x00ff00ff" complete_cpuset="0x00ff00ff" nodeset="0x00000001" complete_nodeset="0x00000001" gp_index="89" kind="1001" subkind="0">
        <object type="NUMANode" os_index="0" cpuset="0x00ff00ff" complete_cpuset="0x00ff00ff" nodeset="0x00000001" complete_nodeset="0x00000001" gp_index="87" local_memory="8309678080">
          <page_type size="4096" count="2028730"/>
          <page_type size="2097152" count="0"/>
          <page_type size="1073741824" count="0"/>
        </object>
        <object type="L3Cache" cpuset="0x000f000f" complete_cpuset="0x000f000f" nodeset="0x00000001" complete_nodeset="0x00000001" gp_index="7" cache_size="8388608" depth="3" cache_linesize="64" cache_associativity="16" cache_type="0">
          <info name="Inclusive" value="0"/>
          <object type="L2Cache" cpuset="0x00010001" complete_cpuset="0x00010001" nodeset="0x00000001" complete_nodeset="0x00000001" gp_index="6" cache_size="524288" depth="2" cache_linesize="64" cache_associativity="8" cache_type="0">
            <info name="Inclusive" value="1"/>
            <object type="L1Cache" cpuset="0x00010001" complete_cpuset="0x00010001" nodeset="0x00000001" complete_nodeset="0x00000001" gp_index="5" cache_size="32768" depth="1" cache_linesize="64" cache_associativity="8" cache_type="1">
              <info name="Inclusive" value="0"/>
              <object type="Core" os_index="0" cpuset="0x00010001" complete_cpuset="0x00010001" nodeset="0x00000001" complete_nodeset="0x00000001" gp_index="3">
                <object type="PU" os_index="0" cpuset="0x00000001" complete_cpuset="0x00000001" nodeset="0x00000001" complete_nodeset="0x00000001" gp_index="4"/>
                <object type="PU" os_index="16" cpuset="0x00010000" complete_cpuset="0x00010000" nodeset="0x00000001" complete_nodeset="0x00000001" gp_index="71"/>
              </object>
            </object>
          </object>
          <object type="L2Cache" cpuset="0x00020002" complete_cpuset="0x00020002" nodeset="0x00000001" complete_nodeset="0x00000001" gp_index="11" cache_size="524288" depth="2" cache_linesize="64" cache_associativity="8" cache_type="0">
            <info name="Inclusive" value="1"/>
            <object type="L1Cache" cpuset="0x00020002" complete_cpuset="0x00020002" nodeset="0x00000001" complete_nodeset="0x00000001" gp_index="10" cache_size="32768" depth="1" cache_linesize="64" cache_associativity="8" cache_type="1">
              <info name="Inclusive" value="0"/>
              <object type="Core" os_index="1" cpuset="0x00020002" complete_cpuset="0x00020002" nodeset="0x00000001" complete_nodeset="0x00000001" gp_index="8">
                <object type="PU" os_index="1" cpuset="0x00000002" complete_cpuset="0x00000002" nodeset="0x00000001" complete_nodeset="0x00000001" gp_index="9"/>
                <object type="PU" os_index="17" cpuset="0x00020000" complete_cpuset="0x00020000" nodeset="0x00000001" complete_nodeset="0x00000001" gp_index="72"/>
              </object>
            </object>
          </object>
          <object type="L2Cache" cpuset="0x00040004" complete_cpuset="0x00040004" nodeset="0x00000001" complete_nodeset="0x00000001" gp_index="15" cache_size="524288" depth="2" cache_linesize="64" cache_associativity="8" cache_type="0">
            <info name="Inclusive" value="1"/>
            <object type="L1Cache" cpuset="0x00040004" complete_cpuset="0x00040004" nodeset="0x00000001" complete_nodeset="0x00000001" gp_index="14" cache_size="32768" depth="1" cache_linesize="64" cache_associativity="8" cache_type="1">
              <info name="Inclusive" value="0"/>
              <object type="Core" os_index="2" cpuset="0x00040004" complete_cpuset="0x00040004" nodeset="0x00000001" complete_nodeset="0x00000001" gp_index="12">
                <object type="PU" os_index="2" cpuset="0x00000004" complete_cpuset="0x00000004" nodeset="0x00000001" complete_nodeset="0x00000001" gp_index="13"/>
                <object type="PU" os_index="18" cpuset="0x00040000" complete_cpuset="0x00040000" nodeset="0x00000001" complete_nodeset="0x00000001" gp_index="73"/>
              </object>
            </object>
          </object>
          <object type="L2Cache" cpuset="0x00080008" complete_cpuset="0x00080008" nodeset="0x00000001" complete_nodeset="0x00000001" gp_index="19" cache_size="524288" depth="2" cache_linesize="64" cache_associativity="8" cache_type="0">
            <info name="Inclusive" value="1"/>
            <object type="L1Cache" cpuset="0x00080008" complete_cpuset="0x00080008" nodeset="0x00000001" complete_nodeset="0x00000001" gp_index="18" cache_size="32768" depth="1" cache_linesize="64" cache_associativity="8" cache_type="1">
              <info name="Inclusive" value="0"/>
              <object type="Core" os_index="3" cpuset="0x00080008" complete_cpuset="0x00080008" nodeset="0x00000001" complete_nodeset="0x00000001" gp_index="16">
                <object type="PU" os_index="3" cpuset="0x00000008" complete_cpuset="0x00000008" nodeset="0x00000001" complete_nodeset="0x00000001" gp_index="17"/>
                <object type="PU" os_index="19" cpuset="0x00080000" complete_cpuset="0x00080000" nodeset="0x00000001" complete_nodeset="0x00000001" gp_index="74"/>
              </object>
            </object>
          </object>
        </object>
        <object type="L3Cache" cpuset="0x00f000f0" complete_cpuset="0x00f000f0" nodeset="0x00000001" complete_nodeset="0x00000001" gp_index="24" cache_size="8388608" depth="3" cache_linesize="64" cache_associativity="16" cache_type="0">
          <info name="Inclusive" value="0"/>
          <object type="L2Cache" cpuset="0x00100010" complete_cpuset="0x00100010" nodeset="0x00000001" complete_nodeset="0x00000001" gp_index="23" cache_size="524288" depth="2" cache_linesize="64" cache_associativity="8" cache_type="0">
            <info name="Inclusive" value="1"/>
            <object type="L1Cache" cpuset="0x00100010" complete_cpuset="0x00100010" nodeset="0x00000001" complete_nodeset="0x00000001" gp_index="22" cache_size="32768" depth="1" cache_linesize="64" cache_associativity="8" cache_type="1">
              <info name="Inclusive" value="0"/>
              <object type="Core" os_index="4" cpuset="0x00100010" complete_cpuset="0x00100010" nodeset="0x00000001" complete_nodeset="0x00000001" gp_index="20">
                <object type="PU" os_index="4" cpuset="0x00000010" complete_cpuset="0x00000010" nodeset="0x00000001" complete_nodeset="0x00000001" gp_index="21"/>
                <object type="PU" os_index="20" cpuset="0x00100000" complete_cpuset="0x00100000" nodeset="0x00000001" complete_nodeset="0x00000001" gp_index="75"/>
              </object>
            </object>
          </object>
          <object type="L2Cache" cpuset="0x00200020" complete_cpuset="0x00200020" nodeset="0x00000001" complete_nodeset="0x00000001" gp_index="28" cache_size="524288" depth="2" cache_linesize="64" cache_associativity="8" cache_type="0">
            <info name="Inclusive" value="1"/>
            <object type="L1Cache" cpuset="0x00200020" complete_cpuset="0x00200020" nodeset="0x00000001" complete_nodeset="0x00000001" gp_index="27" cache_size="32768" depth="1" cache_linesize="64" cache_associativity="8" cache_type="1">
              <info name="Inclusive" value="0"/>
              <object type="Core" os_index="5" cpuset="0x00200020" complete_cpuset="0x00200020" nodeset="0x00000001" complete_nodeset="0x00000001" gp_index="25">
                <object type="PU" os_index="5" cpuset="0x00000020" complete_cpuset="0x00000020" nodeset="0x00000001" complete_nodeset="0x00000001" gp_index="26"/>
                <object type="PU" os_index="21" cpuset="0x00200000" complete_cpuset="0x00200000" nodeset="0x00000001" complete_nodeset="0x00000001" gp_index="76"/>
              </object>
            </object>
          </object>
          <object type="L2Cache" cpuset="0x00400040" complete_cpuset="0x00400040" nodeset="0x00000001" complete_nodeset="0x00000001" gp_index="32" cache_size="524288" depth="2" cache_linesize="64" cache_associativity="8" cache_type="0">
            <info name="Inclusive" value="1"/>
            <object type="L1Cache" cpuset="0x00400040" complete_cpuset="0x00400040" nodeset="0x00000001" complete_nodeset="0x00000001" gp_index="31" cache_size="32768" depth="1" cache_linesize="64" cache_associativity="8" cache_type="1">
              <info name="Inclusive" value="0"/>
              <object type="Core" os_index="6" cpuset="0x00400040" complete_cpuset="0x00400040" nodeset="0x00000001" complete_nodeset="0x00000001" gp_index="29">
                <object type="PU" os_index="6" cpuset="0x00000040" complete_cpuset="0x00000040" nodeset="0x00000001" complete_nodeset="0x00000001" gp_index="30"/>
                <object type="PU" os_index="22" cpuset="0x00400000" complete_cpuset="0x00400000" nodeset="0x00000001" complete_nodeset="0x00000001" gp_index="77"/>
              </object>
            </object>
          </object>
          <object type="L2Cache" cpuset="0x00800080" complete_cpuset="0x00800080" nodeset="0x00000001" complete_nodeset="0x00000001" gp_index="36" cache_size="524288" depth="2" cache_linesize="64" cache_associativity="8" cache_type="0">
            <info name="Inclusive" value="1"/>
            <object type="L1Cache" cpuset="0x00800080" complete_cpuset="0x00800080" nodeset="0x00000001" complete_nodeset="0x00000001" gp_index="35" cache_size="32768" depth="1" cache_linesize="64" cache_associativity="8" cache_type="1">
              <info name="Inclusive" value="0"/>
              <object type="Core" os_index="7" cpuset="0x00800080" complete_cpuset="0x00800080" nodeset="0x00000001" complete_nodeset="0x00000001" gp_index="33">
                <object type="PU" os_index="7" cpuset="0x00000080" complete_cpuset="0x00000080" nodeset="0x00000001" complete_nodeset="0x00000001" gp_index="34"/>
                <object type="PU" os_index="23" cpuset="0x00800000" complete_cpuset="0x00800000" nodeset="0x00000001" complete_nodeset="0x00000001" gp_index="78"/>
              </object>
            </object>
          </object>
        </object>
      </object>
      <object type="Group" cpuset="0xff00ff00" complete_cpuset="0xff00ff00" nodeset="0x00000002" complete_nodeset="0x00000002" gp_index="90" kind="1001" subkind="0">
        <object type="NUMANode" os_index="1" cpuset="0xff00ff00" complete_cpuset="0xff00ff00" nodeset="0x00000002" complete_nodeset="0x00000002" gp_index="88" local_memory="8419663872">
          <page_type size="4096" count="2055582"/>
          <page_type size="2097152" count="0"/>
          <page_type size="1073741824" count="0"/>
        </object>
        <object type="L3Cache" cpuset="0x0f000f00" complete_cpuset="0x0f000f00" nodeset="0x00000002" complete_nodeset="0x00000002" gp_index="41" cache_size="8388608" depth="3" cache_linesize="64" cache_associativity="16" cache_type="0">
          <info name="Inclusive" value="0"/>
          <object type="L2Cache" cpuset="0x01000100" complete_cpuset="0x01000100" nodeset="0x00000002" complete_nodeset="0x00000002" gp_index="40" cache_size="524288" depth="2" cache_linesize="64" cache_associativity="8" cache_type="0">
            <info name="Inclusive" value="1"/>
            <object type="L1Cache" cpuset="0x01000100" complete_cpuset="0x01000100" nodeset="0x00000002" complete_nodeset="0x00000002" gp_index="39" cache_size="32768" depth="1" cache_linesize="64" cache_associativity="8" cache_type="1">
              <info name="Inclusive" value="0"/>
              <object type="Core" os_index="0" cpuset="0x01000100" complete_cpuset="0x01000100" nodeset="0x00000002" complete_nodeset="0x00000002" gp_index="37">
                <object type="PU" os_index="8" cpuset="0x00000100" complete_cpuset="0x00000100" nodeset="0x00000002" complete_nodeset="0x00000002" gp_index="38"/>
                <object type="PU" os_index="24" cpuset="0x01000000" complete_cpuset="0x01000000" nodeset="0x00000002" complete_nodeset="0x00000002" gp_index="79"/>
              </object>
            </object>
          </object>
          <object type="L2Cache" cpuset="0x02000200" complete_cpuset="0x02000200" nodeset="0x00000002" complete_nodeset="0x00000002" gp_index="45" cache_size="524288" depth="2" cache_linesize="64" cache_associativity="8" cache_type="0">
            <info name="Inclusive" value="1"/>
            <object type="L1Cache" cpuset="0x02000200" complete_cpuset="0x02000200" nodeset="0x00000002" complete_nodeset="0x00000002" gp_index="44" cache_size="32768" depth="1" cache_linesize="64" cache_associativity="8" cache_type="1">
              <info name="Inclusive" value="0"/>
              <object type="Core" os_index="1" cpuset="0x02000200" complete_cpuset="0x02000200" nodeset="0x00000002" complete_nodeset="0x00000002" gp_index="42">
                <object type="PU" os_index="9" cpuset="0x00000200" complete_cpuset="0x00000200" nodeset="0x00000002" complete_nodeset="0x00000002" gp_index="43"/>
                <object type="PU" os_index="25" cpuset="0x02000000" complete_cpuset="0x02000000" nodeset="0x00000002" complete_nodeset="0x00000002" gp_index="80"/>
              </object>
            </object>
          </object>
          <object type="L2Cache" cpuset="0x04000400" complete_cpuset="0x04000400" nodeset="0x00000002" complete_nodeset="0x00000002" gp_index="49" cache_size="524288" depth="2" cache_linesize="64" cache_associativity="8" cache_type="0">
            <info name="Inclusive" value="1"/>
            <object type="L1Cache" cpuset="0x04000400" complete_cpuset="0x04000400" nodeset="0x00000002" complete_nodeset="0x00000002" gp_index="48" cache_size="32768" depth="1" cache_linesize="64" cache_associativity="8" cache_type="1">
              <info name="Inclusive" value="0"/>
              <object type="Core" os_index="2" cpuset="0x04000400" complete_cpuset="0x04000400" nodeset="0x00000002" complete_nodeset="0x00000002" gp_index="46">
                <object type="PU" os_index="10" cpuset="0x00000400" complete_cpuset="0x00000400" nodeset="0x00000002" complete_nodeset="0x00000002" gp_index="47"/>
                <object type="PU" os_index="26" cpuset="0x04000000" complete_cpuset="0x04000000" nodeset="0x00000002" complete_nodeset="0x00000002" gp_index="81"/>
              </object>
            </object>
          </object>
          <object type="L2Cache" cpuset="0x08000800" complete_cpuset="0x08000800" nodeset="0x00000002" complete_nodeset="0x00000002" gp_index="53" cache_size="524288" depth="2" cache_linesize="64" cache_associativity="8" cache_type="0">
            <info name="Inclusive" value="1"/>
            <object type="L1Cache" cpuset="0x08000800" complete_cpuset="0x08000800" nodeset="0x00000002" complete_nodeset="0x00000002" gp_index="52" cache_size="32768" depth="1" cache_linesize="64" cache_associativity="8" cache_type="1">
              <info name="Inclusive" value="0"/>
              <object type="Core" os_index="3" cpuset="0x08000800" complete_cpuset="0x08000800" nodeset="0x00000002" complete_nodeset="0x00000002" gp_index="50">
                <object type="PU" os_index="11" cpuset="0x00000800" complete_cpuset="0x00000800" nodeset="0x00000002" complete_nodeset="0x00000002" gp_index="51"/>
                <object type="PU" os_index="27" cpuset="0x08000000" complete_cpuset="0x08000000" nodeset="0x00000002" complete_nodeset="0x00000002" gp_index="82"/>
              </object>
            </object>
          </object>
        </object>
        <object type="L3Cache" cpuset="0xf000f000" complete_cpuset="0xf000f000" nodeset="0x00000002" complete_nodeset="0x00000002" gp_index="58" cache_size="8388608" depth="3" cache_linesize="64" cache_associativity="16" cache_type="0">
          <info name="Inclusive" value="0"/>
          <object type="L2Cache" cpuset="0x10001000" complete_cpuset="0x10001000" nodeset="0x00000002" complete_nodeset="0x00000002" gp_index="57" cache_size="524288" depth="2" cache_linesize="64" cache_associativity="8" cache_type="0">
            <info name="Inclusive" value="1"/>
            <object type="L1Cache" cpuset="0x10001000" complete_cpuset="0x10001000" nodeset="0x00000002" complete_nodeset="0x00000002" gp_index="56" cache_size="32768" depth="1" cache_linesize="64" cache_associativity="8" cache_type="1">
              <info name="Inclusive" value="0"/>
              <object type="Core" os_index="4" cpuset="0x10001000" complete_cpuset="0x10001000" nodeset="0x00000002" complete_nodeset="0x00000002" gp_index="54">
                <object type="PU" os_index="12" cpuset="0x00001000" complete_cpuset="0x00001000" nodeset="0x00000002" complete_nodeset="0x00000002" gp_index="55"/>
                <object type="PU" os_index="28" cpuset="0x10000000" complete_cpuset="0x10000000" nodeset="0x00000002" complete_nodeset="0x00000002" gp_index="83"/>
              </object>
            </object>
          </object>
          <object type="L2Cache" cpuset="0x20002000" complete_cpuset="0x20002000" nodeset="0x00000002" complete_nodeset="0x00000002" gp_index="62" cache_size="524288" depth="2" cache_linesize="64" cache_associativity="8" cache_type="0">
            <info name="Inclusive" value="1"/>
            <object type="L1Cache" cpuset="0x20002000" complete_cpuset="0x20002000" nodeset="0x00000002" complete_nodeset="0x00000002" gp_index="61" cache_size="32768" depth="1" cache_linesize="64" cache_associativity="8" cache_type="1">
              <info name="Inclusive" value="0"/>
              <object type="Core" os_index="5" cpuset="0x20002000" complete_cpuset="0x20002000" nodeset="0x00000002" complete_nodeset="0x00000002" gp_index="59">
                <object type="PU" os_index="13" cpuset="0x00002000" complete_cpuset="0x00002000" nodeset="0x00000002" complete_nodeset="0x00000002" gp_index="60"/>
                <object type="PU" os_index="29" cpuset="0x20000000" complete_cpuset="0x20000000" nodeset="0x00000002" complete_nodeset="0x00000002" gp_index="84"/>
              </object>
            </object>
          </object>
          <object type="L2Cache" cpuset="0x40004000" complete_cpuset="0x40004000" nodeset="0x00000002" complete_nodeset="0x00000002" gp_index="66" cache_size="524288" depth="2" cache_linesize="64" cache_associativity="8" cache_type="0">
            <info name="Inclusive" value="1"/>
            <object type="L1Cache" cpuset="0x40004000" complete_cpuset="0x40004000" nodeset="0x00000002" complete_nodeset="0x00000002" gp_index="65" cache_size="32768" depth="1" cache_linesize="64" cache_associativity="8" cache_type="1">
              <info name="Inclusive" value="0"/>
              <object type="Core" os_index="6" cpuset="0x40004000" complete_cpuset="0x40004000" nodeset="0x00000002" complete_nodeset="0x00000002" gp_index="63">
                <object type="PU" os_index="14" cpuset="0x00004000" complete_cpuset="0x00004000" nodeset="0x00000002" complete_nodeset="0x00000002" gp_index="64"/>
                <object type="PU" os_index="30" cpuset="0x40000000" complete_cpuset="0x40000000" nodeset="0x00000002" complete_nodeset="0x00000002" gp_index="85"/>
              </object>
            </object>
          </object>
          <object type="L2Cache" cpuset="0x80008000" complete_cpuset="0x80008000" nodeset="0x00000002" complete_nodeset="0x00000002" gp_index="70" cache_size="524288" depth="2" cache_linesize="64" cache_associativity="8" cache_type="0">
            <info name="Inclusive" value="1"/>
            <object type="L1Cache" cpuset="0x80008000" complete_cpuset="0x80008000" nodeset="0x00000002" complete_nodeset="0x00000002" gp_index="69" cache_size="32768" depth="1" cache_linesize="64" cache_associativity="8" cache_type="1">
              <info name="Inclusive" value="0"/>
              <object type="Core" os_index="7" cpuset="0x80008000" complete_cpuset="0x80008000" nodeset="0x00000002" complete_nodeset="0x00000002" gp_index="67">
                <object type="PU" os_index="15" cpuset="0x00008000" complete_cpuset="0x00008000" nodeset="0x00000002" complete_nodeset="0x00000002" gp_index="68"/>
                <object type="PU" os_index="31" cpuset="0x80000000" complete_cpuset="0x80000000" nodeset="0x00000002" complete_nodeset="0x00000002" gp_index="86"/>
              </object>
            </object>
          </object>
        </object>
      </object>
    </object>
  </object>
  <distances2 type="NUMANode" nbobjs="2" kind="5" indexing="os">
    <indexes length="4">0 1 </indexes>
    <u64values length="12">10 16 16 10 </u64values>
  </distances2>
</topology>
